Workbook

Sheet Инструкция
A1: Аналитика Instagram · Yafho «Кожа помнит»
A3: Как заполнять
A4: 1. Раз в неделю (понедельник) откройте статистику каждой публикации прошлой недели и внесите цифры в ЖЁЛТЫЕ ячейки листа «Публикации».
A5: 2. Всё белое считается само: доли, флаги «цель выполнена», сводки на листах «Недели» и «Рубрики». Формулы не трогайте.
A6: 3. Цели (пороги) — на листе «Цели». Поменяйте там — флаги пересчитаются.
A7: 4. Строка 12.10 заполнена ПРИМЕРОМ (серый курсив) — перезапишите её реальными цифрами.
A8: 5. «A/B обложки»: вносите переходы из профиля и показы за каждые 72 ч с обложкой — победитель определяется автоматически.
A9: 6. «Реклама»: расход и результаты из Ads Manager. «Заявки»: одна строка на диалог в директе (код КАТАЛОГ / ЛУПА).
A11: Где брать цифры в Instagram
A12: Охват, просмотры, досмотр 3 с (Reels: «Удержание»), среднее время просмотра, лайки, комментарии, сохранения, репосты, переходы в профиль, подписки — «Статистика» под публикацией.
A14: Обозначения: жёлтый фон — вводить; зелёный/красный — цель выполнена / нет.

Sheet Цели
A1: Метрика | B1: Цель | C1: Комментарий
A2: Досмотр первых 3 с (Reels) | B2: 0.6 | C2: Хук работает, если > 60% досматривают 3 с
A3: Доля репостов (репосты/охват) | B3: 0.01 | C3: > 1% — контент «пересылают»
A4: Доля сохранений (сохранения/охват) | B4: 0.02 | C4: > 2% — полезный контент (карусели)
A5: Вовлечённость ER (реакции/охват) | B5: 0.05 | C5: лайки+комментарии+сохранения+репосты
A6: Подписки на 1000 охвата | B6: 3 | C6: сколько подписок приносит 1000 охвата
A8: Источник целей: ориентиры команды (MASTER_CALENDAR.md → «Метрики по неделям»), а не отраслевой стандарт. Уточните после первого месяца.

Sheet Публикации
A1: Дата | B1: Нед. | C1: Формат | D1: Рубрика | E1: Публикация | F1: Файл | G1: Охват | H1: Просмотры | I1: Досмотр 3 с, % | J1: Ср. время просмотра, с | K1: Лайки | L1: Комментарии | M1: Сохранения | N1: Репосты | O1: Переходы в профиль | P1: Подписки | Q1: Сообщения (код) | R1: ER | S1: Доля сохранений | T1: Доля репостов | U1: Подписки / 1000 охвата | V1: Досмотр ≥ цели? | W1: Репосты ≥ цели? | X1: Сохранения ≥ цели?
A2: 46307 | B2: 1 | C2: Reel | D2: Манифест | E2: Манифест «Твоя кожа помнит всё» | F2: v7_cinematic/m1_manifest_cinematic | G2: 18400 | H2: 26100 | I2: 0.64 | J2: 9.2 | K2: 812 | L2: 47 | M2: 265 | N2: 231 | O2: 390 | P2: 61 | Q2: 4 | R2: =IF(G2>0,(K2+L2+M2+N2)/G2,"") -> 0.073641304 | S2: =IF(G2>0,M2/G2,"") -> 0.014402174 | T2: =IF(G2>0,N2/G2,"") -> 0.012554348 | U2: =IF(G2>0,P2/G2*1000,"") -> 3.3152174 | V2: =IF(OR(C2<>"Reel",I2=""),"",IF(I2>=Цели!$B$2,"да","нет")) -> да | W2: =IF(T2="","",IF(T2>=Цели!$B$3,"да","нет")) -> да | X2: =IF(S2="","",IF(S2>=Цели!$B$4,"да","нет")) -> нет
A3: 46308 | B3: 1 | C3: Reel | D3: 🍑 Гериатрия | E3: Кинетика: пролежни | F3: v12_kinetic/k6_geriatriya | R3: =IF(G3>0,(K3+L3+M3+N3)/G3,"") | S3: =IF(G3>0,M3/G3,"") | T3: =IF(G3>0,N3/G3,"") | U3: =IF(G3>0,P3/G3*1000,"") | V3: =IF(OR(C3<>"Reel",I3=""),"",IF(I3>=Цели!$B$2,"да","нет")) | W3: =IF(T3="","",IF(T3>=Цели!$B$3,"да","нет")) | X3: =IF(S3="","",IF(S3>=Цели!$B$4,"да","нет"))
A4: 46309 | B4: 1 | C4: Карусель | D4: 🤱 Акушерство | E4: «Её первый шрам» | F4: v6_campaign/a1_ee_pervyi_shram | R4: =IF(G4>0,(K4+L4+M4+N4)/G4,"") | S4: =IF(G4>0,M4/G4,"") | T4: =IF(G4>0,N4/G4,"") | U4: =IF(G4>0,P4/G4*1000,"") | V4: =IF(OR(C4<>"Reel",I4=""),"",IF(I4>=Цели!$B$2,"да","нет")) | W4: =IF(T4="","",IF(T4>=Цели!$B$3,"да","нет")) | X4: =IF(S4="","",IF(S4>=Цели!$B$4,"да","нет"))
A5: 46310 | B5: 1 | C5: Reel | D5: 📦 Продукт | E5: Под лупой: 5 слоёв Sili-Care | F5: v8_styles/s4_macro_asmr | R5: =IF(G5>0,(K5+L5+M5+N5)/G5,"") | S5: =IF(G5>0,M5/G5,"") | T5: =IF(G5>0,N5/G5,"") | U5: =IF(G5>0,P5/G5*1000,"") | V5: =IF(OR(C5<>"Reel",I5=""),"",IF(I5>=Цели!$B$2,"да","нет")) | W5: =IF(T5="","",IF(T5>=Цели!$B$3,"да","нет")) | X5: =IF(S5="","",IF(S5>=Цели!$B$4,"да","нет"))
A6: 46311 | B6: 1 | C6: Reel | D6: 🍑 Гериатрия | E6: «Персиковый тест» (кино) | F6: v7_cinematic/m4_persik_cinematic | R6: =IF(G6>0,(K6+L6+M6+N6)/G6,"") | S6: =IF(G6>0,M6/G6,"") | T6: =IF(G6>0,N6/G6,"") | U6: =IF(G6>0,P6/G6*1000,"") | V6: =IF(OR(C6<>"Reel",I6=""),"",IF(I6>=Цели!$B$2,"да","нет")) | W6: =IF(T6="","",IF(T6>=Цели!$B$3,"да","нет")) | X6: =IF(S6="","",IF(S6>=Цели!$B$4,"да","нет"))
A7: 46312 | B7: 1 | C7: Reel | D7: 🤱 Акушерство | E7: Кинетика: акушерство | F7: v12_kinetic/k1_akusherstvo | R7: =IF(G7>0,(K7+L7+M7+N7)/G7,"") | S7: =IF(G7>0,M7/G7,"") | T7: =IF(G7>0,N7/G7,"") | U7: =IF(G7>0,P7/G7*1000,"") | V7: =IF(OR(C7<>"Reel",I7=""),"",IF(I7>=Цели!$B$2,"да","нет")) | W7: =IF(T7="","",IF(T7>=Цели!$B$3,"да","нет")) | X7: =IF(S7="","",IF(S7>=Цели!$B$4,"да","нет"))
A8: 46313 | B8: 1 | C8: Карусель | D8: 🤱 Акушерство | E8: «7 вещей после кесарева» | F8: v6_campaign/a3_7_veshchei_posle_kesareva | R8: =IF(G8>0,(K8+L8+M8+N8)/G8,"") | S8: =IF(G8>0,M8/G8,"") | T8: =IF(G8>0,N8/G8,"") | U8: =IF(G8>0,P8/G8*1000,"") | V8: =IF(OR(C8<>"Reel",I8=""),"",IF(I8>=Цели!$B$2,"да","нет")) | W8: =IF(T8="","",IF(T8>=Цели!$B$3,"да","нет")) | X8: =IF(S8="","",IF(S8>=Цели!$B$4,"да","нет"))
A9: 46314 | B9: 2 | C9: Reel | D9: 🤱 Акушерство | E9: «Письмо шраму» (кино) + старт #ПисьмоШраму | F9: v7_cinematic/m2_pismo_shramu_cinematic | R9: =IF(G9>0,(K9+L9+M9+N9)/G9,"") | S9: =IF(G9>0,M9/G9,"") | T9: =IF(G9>0,N9/G9,"") | U9: =IF(G9>0,P9/G9*1000,"") | V9: =IF(OR(C9<>"Reel",I9=""),"",IF(I9>=Цели!$B$2,"да","нет")) | W9: =IF(T9="","",IF(T9>=Цели!$B$3,"да","нет")) | X9: =IF(S9="","",IF(S9>=Цели!$B$4,"да","нет"))
A10: 46315 | B10: 2 | C10: Reel | D10: 🤱 Акушерство | E10: «3-й день дома после кесарева» (телефон) | F10: v9_series/e1_akusherstvo_3_den_doma | R10: =IF(G10>0,(K10+L10+M10+N10)/G10,"") | S10: =IF(G10>0,M10/G10,"") | T10: =IF(G10>0,N10/G10,"") | U10: =IF(G10>0,P10/G10*1000,"") | V10: =IF(OR(C10<>"Reel",I10=""),"",IF(I10>=Цели!$B$2,"да","нет")) | W10: =IF(T10="","",IF(T10>=Цели!$B$3,"да","нет")) | X10: =IF(S10="","",IF(S10>=Цели!$B$4,"да","нет"))
A11: 46316 | B11: 2 | C11: Reel | D11: 👶 Неонатология | E11: «Тоньше лепестка» (кино) | F11: v7_cinematic/m5_lepestok_cinematic | R11: =IF(G11>0,(K11+L11+M11+N11)/G11,"") | S11: =IF(G11>0,M11/G11,"") | T11: =IF(G11>0,N11/G11,"") | U11: =IF(G11>0,P11/G11*1000,"") | V11: =IF(OR(C11<>"Reel",I11=""),"",IF(I11>=Цели!$B$2,"да","нет")) | W11: =IF(T11="","",IF(T11>=Цели!$B$3,"да","нет")) | X11: =IF(S11="","",IF(S11>=Цели!$B$4,"да","нет"))
A12: 46317 | B12: 2 | C12: Reel | D12: 👶 Неонатология | E12: Кинетика: неонатология | F12: v12_kinetic/k2_neonatologiya | R12: =IF(G12>0,(K12+L12+M12+N12)/G12,"") | S12: =IF(G12>0,M12/G12,"") | T12: =IF(G12>0,N12/G12,"") | U12: =IF(G12>0,P12/G12*1000,"") | V12: =IF(OR(C12<>"Reel",I12=""),"",IF(I12>=Цели!$B$2,"да","нет")) | W12: =IF(T12="","",IF(T12>=Цели!$B$3,"да","нет")) | X12: =IF(S12="","",IF(S12>=Цели!$B$4,"да","нет"))
A13: 46318 | B13: 2 | C13: Карусель | D13: 👶 Неонатология | E13: «2–3 слоя» для медсестёр ОРИТН ⚠ сверить цифру | F13: v6_campaign/b2_oritn_2_sloya | R13: =IF(G13>0,(K13+L13+M13+N13)/G13,"") | S13: =IF(G13>0,M13/G13,"") | T13: =IF(G13>0,N13/G13,"") | U13: =IF(G13>0,P13/G13*1000,"") | V13: =IF(OR(C13<>"Reel",I13=""),"",IF(I13>=Цели!$B$2,"да","нет")) | W13: =IF(T13="","",IF(T13>=Цели!$B$3,"да","нет")) | X13: =IF(S13="","",IF(S13>=Цели!$B$4,"да","нет"))
A14: 46319 | B14: 2 | C14: Reel | D14: 👶 Неонатология | E14: «Дневник ОРИТН» (телефон) | F14: v9_series/e2_neonatologiya_dnevnik_oritn | R14: =IF(G14>0,(K14+L14+M14+N14)/G14,"") | S14: =IF(G14>0,M14/G14,"") | T14: =IF(G14>0,N14/G14,"") | U14: =IF(G14>0,P14/G14*1000,"") | V14: =IF(OR(C14<>"Reel",I14=""),"",IF(I14>=Цели!$B$2,"да","нет")) | W14: =IF(T14="","",IF(T14>=Цели!$B$3,"да","нет")) | X14: =IF(S14="","",IF(S14>=Цели!$B$4,"да","нет"))
... A46: 46354 | B46: 7 | C46: Reel | D46: ✨ Пластика | E46: Сериал «День 30 из 180» (реальное видео + оверлей) | F46: v6_campaign/c2_overlei_serii/overlay_den_030.png | R46: =IF(G46>0,(K46+L46+M46+N46)/G46,"") | S46: =IF(G46>0,M46/G46,"") | T46: =IF(G46>0,N46/G46,"") | U46: =IF(G46>0,P46/G46*1000,"") | V46: =IF(OR(C46<>"Reel",I46=""),"",IF(I46>=Цели!$B$2,"да","нет")) | W46: =IF(T46="","",IF(T46>=Цели!$B$3,"да","нет")) | X46: =IF(S46="","",IF(S46>=Цели!$B$4,"да","нет"))
A47: 46369 | B47: после | C47: Reel | D47: ✨ Пластика | E47: Сериал «День 45 из 180» (реальное видео + оверлей) | F47: v6_campaign/c2_overlei_serii/overlay_den_045.png | R47: =IF(G47>0,(K47+L47+M47+N47)/G47,"") | S47: =IF(G47>0,M47/G47,"") | T47: =IF(G47>0,N47/G47,"") | U47: =IF(G47>0,P47/G47*1000,"") | V47: =IF(OR(C47<>"Reel",I47=""),"",IF(I47>=Цели!$B$2,"да","нет")) | W47: =IF(T47="","",IF(T47>=Цели!$B$3,"да","нет")) | X47: =IF(S47="","",IF(S47>=Цели!$B$4,"да","нет"))
A48: 46384 | B48: после | C48: Reel | D48: ✨ Пластика | E48: Сериал «День 60 из 180» (реальное видео + оверлей) | F48: v6_campaign/c2_overlei_serii/overlay_den_060.png | R48: =IF(G48>0,(K48+L48+M48+N48)/G48,"") | S48: =IF(G48>0,M48/G48,"") | T48: =IF(G48>0,N48/G48,"") | U48: =IF(G48>0,P48/G48*1000,"") | V48: =IF(OR(C48<>"Reel",I48=""),"",IF(I48>=Цели!$B$2,"да","нет")) | W48: =IF(T48="","",IF(T48>=Цели!$B$3,"да","нет")) | X48: =IF(S48="","",IF(S48>=Цели!$B$4,"да","нет"))
A49: 46414 | B49: после | C49: Reel | D49: ✨ Пластика | E49: Сериал «День 90 из 180» (реальное видео + оверлей) | F49: v6_campaign/c2_overlei_serii/overlay_den_090.png | R49: =IF(G49>0,(K49+L49+M49+N49)/G49,"") | S49: =IF(G49>0,M49/G49,"") | T49: =IF(G49>0,N49/G49,"") | U49: =IF(G49>0,P49/G49*1000,"") | V49: =IF(OR(C49<>"Reel",I49=""),"",IF(I49>=Цели!$B$2,"да","нет")) | W49: =IF(T49="","",IF(T49>=Цели!$B$3,"да","нет")) | X49: =IF(S49="","",IF(S49>=Цели!$B$4,"да","нет"))
A50: 46444 | B50: после | C50: Reel | D50: ✨ Пластика | E50: Сериал «День 120 из 180» (реальное видео + оверлей) | F50: v6_campaign/c2_overlei_serii/overlay_den_120.png | R50: =IF(G50>0,(K50+L50+M50+N50)/G50,"") | S50: =IF(G50>0,M50/G50,"") | T50: =IF(G50>0,N50/G50,"") | U50: =IF(G50>0,P50/G50*1000,"") | V50: =IF(OR(C50<>"Reel",I50=""),"",IF(I50>=Цели!$B$2,"да","нет")) | W50: =IF(T50="","",IF(T50>=Цели!$B$3,"да","нет")) | X50: =IF(S50="","",IF(S50>=Цели!$B$4,"да","нет"))
A51: 46474 | B51: после | C51: Reel | D51: ✨ Пластика | E51: Сериал «День 150 из 180» (реальное видео + оверлей) | F51: v6_campaign/c2_overlei_serii/overlay_den_150.png | R51: =IF(G51>0,(K51+L51+M51+N51)/G51,"") | S51: =IF(G51>0,M51/G51,"") | T51: =IF(G51>0,N51/G51,"") | U51: =IF(G51>0,P51/G51*1000,"") | V51: =IF(OR(C51<>"Reel",I51=""),"",IF(I51>=Цели!$B$2,"да","нет")) | W51: =IF(T51="","",IF(T51>=Цели!$B$3,"да","нет")) | X51: =IF(S51="","",IF(S51>=Цели!$B$4,"да","нет"))
A52: 46504 | B52: после | C52: Reel | D52: ✨ Пластика | E52: Сериал «День 180 из 180» (реальное видео + оверлей) | F52: v6_campaign/c2_overlei_serii/overlay_den_180.png | R52: =IF(G52>0,(K52+L52+M52+N52)/G52,"") | S52: =IF(G52>0,M52/G52,"") | T52: =IF(G52>0,N52/G52,"") | U52: =IF(G52>0,P52/G52*1000,"") | V52: =IF(OR(C52<>"Reel",I52=""),"",IF(I52>=Цели!$B$2,"да","нет")) | W52: =IF(T52="","",IF(T52>=Цели!$B$3,"да","нет")) | X52: =IF(S52="","",IF(S52>=Цели!$B$4,"да","нет"))

Sheet Недели
A1: Неделя | B1: Тема | C1: Публикаций | D1: С цифрами | E1: Охват | F1: Сохранения | G1: Репосты | H1: Подписки | I1: Сообщения | J1: Средний ER | K1: Ср. досмотр 3 с (Reels)
A2: 1 | B2: Неделя 1 · «Кожа помнит»: манифест и персик | C2: =COUNTIF(Публикации!$B$2:$B$52,A2) -> 7 | D2: =COUNTIFS(Публикации!$B$2:$B$52,A2,Публикации!$G$2:$G$52,">0") -> 1 | E2: =SUMIFS(Публикации!$G$2:$G$52,Публикации!$B$2:$B$52,A2) -> 18400 | F2: =SUMIFS(Публикации!$M$2:$M$52,Публикации!$B$2:$B$52,A2) -> 265 | G2: =SUMIFS(Публикации!$N$2:$N$52,Публикации!$B$2:$B$52,A2) -> 231 | H2: =SUMIFS(Публикации!$P$2:$P$52,Публикации!$B$2:$B$52,A2) -> 61 | I2: =SUMIFS(Публикации!$Q$2:$Q$52,Публикации!$B$2:$B$52,A2) -> 4 | J2: =IFERROR(AVERAGEIFS(Публикации!$R$2:$R$52,Публикации!$B$2:$B$52,A2,Публикации!$G$2:$G$52,">0"),"") -> 0.073641304 | K2: =IFERROR(AVERAGEIFS(Публикации!$I$2:$I$52,Публикации!$B$2:$B$52,A2,Публикации!$C$2:$C$52,"Reel",Публикации!$I$2:$I$52,">0"),"") -> 0.64
A3: 2 | B3: Неделя 2 · Акушерство и неонатология | C3: =COUNTIF(Публикации!$B$2:$B$52,A3) -> 7 | D3: =COUNTIFS(Публикации!$B$2:$B$52,A3,Публикации!$G$2:$G$52,">0") -> 0 | E3: =SUMIFS(Публикации!$G$2:$G$52,Публикации!$B$2:$B$52,A3) -> 0 | F3: =SUMIFS(Публикации!$M$2:$M$52,Публикации!$B$2:$B$52,A3) -> 0 | G3: =SUMIFS(Публикации!$N$2:$N$52,Публикации!$B$2:$B$52,A3) -> 0 | H3: =SUMIFS(Публикации!$P$2:$P$52,Публикации!$B$2:$B$52,A3) -> 0 | I3: =SUMIFS(Публикации!$Q$2:$Q$52,Публикации!$B$2:$B$52,A3) -> 0 | J3: =IFERROR(AVERAGEIFS(Публикации!$R$2:$R$52,Публикации!$B$2:$B$52,A3,Публикации!$G$2:$G$52,">0"),"") | K3: =IFERROR(AVERAGEIFS(Публикации!$I$2:$I$52,Публикации!$B$2:$B$52,A3,Публикации!$C$2:$C$52,"Reel",Публикации!$I$2:$I$52,">0"),"")
A4: 3 | B4: Неделя 3 · Неделя БЭ (25–31.10) + старт пластики | C4: =COUNTIF(Публикации!$B$2:$B$52,A4) -> 7 | D4: =COUNTIFS(Публикации!$B$2:$B$52,A4,Публикации!$G$2:$G$52,">0") -> 0 | E4: =SUMIFS(Публикации!$G$2:$G$52,Публикации!$B$2:$B$52,A4) -> 0 | F4: =SUMIFS(Публикации!$M$2:$M$52,Публикации!$B$2:$B$52,A4) -> 0 | G4: =SUMIFS(Публикации!$N$2:$N$52,Публикации!$B$2:$B$52,A4) -> 0 | H4: =SUMIFS(Публикации!$P$2:$P$52,Публикации!$B$2:$B$52,A4) -> 0 | I4: =SUMIFS(Публикации!$Q$2:$Q$52,Публикации!$B$2:$B$52,A4) -> 0 | J4: =IFERROR(AVERAGEIFS(Публикации!$R$2:$R$52,Публикации!$B$2:$B$52,A4,Публикации!$G$2:$G$52,">0"),"") | K4: =IFERROR(AVERAGEIFS(Публикации!$I$2:$I$52,Публикации!$B$2:$B$52,A4,Публикации!$C$2:$C$52,"Reel",Публикации!$I$2:$I$52,">0"),"")
A5: 4 | B5: Неделя 4 · Хирургия и медсёстры | C5: =COUNTIF(Публикации!$B$2:$B$52,A5) -> 7 | D5: =COUNTIFS(Публикации!$B$2:$B$52,A5,Публикации!$G$2:$G$52,">0") -> 0 | E5: =SUMIFS(Публикации!$G$2:$G$52,Публикации!$B$2:$B$52,A5) -> 0 | F5: =SUMIFS(Публикации!$M$2:$M$52,Публикации!$B$2:$B$52,A5) -> 0 | G5: =SUMIFS(Публикации!$N$2:$N$52,Публикации!$B$2:$B$52,A5) -> 0 | H5: =SUMIFS(Публикации!$P$2:$P$52,Публикации!$B$2:$B$52,A5) -> 0 | I5: =SUMIFS(Публикации!$Q$2:$Q$52,Публикации!$B$2:$B$52,A5) -> 0 | J5: =IFERROR(AVERAGEIFS(Публикации!$R$2:$R$52,Публикации!$B$2:$B$52,A5,Публикации!$G$2:$G$52,">0"),"") | K5: =IFERROR(AVERAGEIFS(Публикации!$I$2:$I$52,Публикации!$B$2:$B$52,A5,Публикации!$C$2:$C$52,"Reel",Публикации!$I$2:$I$52,">0"),"")
A6: 5 | B6: Неделя 5 · B2B: клиники и дистрибьюторы | C6: =COUNTIF(Публикации!$B$2:$B$52,A6) -> 7 | D6: =COUNTIFS(Публикации!$B$2:$B$52,A6,Публикации!$G$2:$G$52,">0") -> 0 | E6: =SUMIFS(Публикации!$G$2:$G$52,Публикации!$B$2:$B$52,A6) -> 0 | F6: =SUMIFS(Публикации!$M$2:$M$52,Публикации!$B$2:$B$52,A6) -> 0 | G6: =SUMIFS(Публикации!$N$2:$N$52,Публикации!$B$2:$B$52,A6) -> 0 | H6: =SUMIFS(Публикации!$P$2:$P$52,Публикации!$B$2:$B$52,A6) -> 0 | I6: =SUMIFS(Публикации!$Q$2:$Q$52,Публикации!$B$2:$B$52,A6) -> 0 | J6: =IFERROR(AVERAGEIFS(Публикации!$R$2:$R$52,Публикации!$B$2:$B$52,A6,Публикации!$G$2:$G$52,">0"),"") | K6: =IFERROR(AVERAGEIFS(Публикации!$I$2:$I$52,Публикации!$B$2:$B$52,A6,Публикации!$C$2:$C$52,"Reel",Публикации!$I$2:$I$52,">0"),"")
A7: 6 | B7: Неделя 6 · Манифест-2 и продукты | C7: =COUNTIF(Публикации!$B$2:$B$52,A7) -> 7 | D7: =COUNTIFS(Публикации!$B$2:$B$52,A7,Публикации!$G$2:$G$52,">0") -> 0 | E7: =SUMIFS(Публикации!$G$2:$G$52,Публикации!$B$2:$B$52,A7) -> 0 | F7: =SUMIFS(Публикации!$M$2:$M$52,Публикации!$B$2:$B$52,A7) -> 0 | G7: =SUMIFS(Публикации!$N$2:$N$52,Публикации!$B$2:$B$52,A7) -> 0 | H7: =SUMIFS(Публикации!$P$2:$P$52,Публикации!$B$2:$B$52,A7) -> 0 | I7: =SUMIFS(Публикации!$Q$2:$Q$52,Публикации!$B$2:$B$52,A7) -> 0 | J7: =IFERROR(AVERAGEIFS(Публикации!$R$2:$R$52,Публикации!$B$2:$B$52,A7,Публикации!$G$2:$G$52,">0"),"") | K7: =IFERROR(AVERAGEIFS(Публикации!$I$2:$I$52,Публикации!$B$2:$B$52,A7,Публикации!$C$2:$C$52,"Reel",Публикации!$I$2:$I$52,">0"),"")
A8: 7 | B8: Неделя 7 · Повтор победителей A/B | C8: =COUNTIF(Публикации!$B$2:$B$52,A8) -> 3 | D8: =COUNTIFS(Публикации!$B$2:$B$52,A8,Публикации!$G$2:$G$52,">0") -> 0 | E8: =SUMIFS(Публикации!$G$2:$G$52,Публикации!$B$2:$B$52,A8) -> 0 | F8: =SUMIFS(Публикации!$M$2:$M$52,Публикации!$B$2:$B$52,A8) -> 0 | G8: =SUMIFS(Публикации!$N$2:$N$52,Публикации!$B$2:$B$52,A8) -> 0 | H8: =SUMIFS(Публикации!$P$2:$P$52,Публикации!$B$2:$B$52,A8) -> 0 | I8: =SUMIFS(Публикации!$Q$2:$Q$52,Публикации!$B$2:$B$52,A8) -> 0 | J8: =IFERROR(AVERAGEIFS(Публикации!$R$2:$R$52,Публикации!$B$2:$B$52,A8,Публикации!$G$2:$G$52,">0"),"") | K8: =IFERROR(AVERAGEIFS(Публикации!$I$2:$I$52,Публикации!$B$2:$B$52,A8,Публикации!$C$2:$C$52,"Reel",Публикации!$I$2:$I$52,">0"),"")
B9: Итого | C9: =SUM(C2:C8) -> 45 | D9: =SUM(D2:D8) -> 1 | E9: =SUM(E2:E8) -> 18400 | F9: =SUM(F2:F8) -> 265 | G9: =SUM(G2:G8) -> 231 | H9: =SUM(H2:H8) -> 61 | I9: =SUM(I2:I8) -> 4

Sheet Рубрики
A1: Рубрика | B1: Публикаций | C1: Охват | D1: Средний ER | E1: Доля сохранений | F1: Доля репостов | G1: Подписки | H1: Сообщения
A2: Манифест | B2: =COUNTIF(Публикации!$D$2:$D$52,A2) -> 4 | C2: =SUMIFS(Публикации!$G$2:$G$52,Публикации!$D$2:$D$52,A2) -> 18400 | D2: =IFERROR(AVERAGEIFS(Публикации!$R$2:$R$52,Публикации!$D$2:$D$52,A2,Публикации!$G$2:$G$52,">0"),"") -> 0.073641304 | E2: =IFERROR(SUMIFS(Публикации!$M$2:$M$52,Публикации!$D$2:$D$52,A2)/C2,"") -> 0.014402174 | F2: =IFERROR(SUMIFS(Публикации!$N$2:$N$52,Публикации!$D$2:$D$52,A2)/C2,"") -> 0.012554348 | G2: =SUMIFS(Публикации!$P$2:$P$52,Публикации!$D$2:$D$52,A2) -> 61 | H2: =SUMIFS(Публикации!$Q$2:$Q$52,Публикации!$D$2:$D$52,A2) -> 4
A3: ✍️ UGC | B3: =COUNTIF(Публикации!$D$2:$D$52,A3) -> 2 | C3: =SUMIFS(Публикации!$G$2:$G$52,Публикации!$D$2:$D$52,A3) -> 0 | D3: =IFERROR(AVERAGEIFS(Публикации!$R$2:$R$52,Публикации!$D$2:$D$52,A3,Публикации!$G$2:$G$52,">0"),"") | E3: =IFERROR(SUMIFS(Публикации!$M$2:$M$52,Публикации!$D$2:$D$52,A3)/C3,"") | F3: =IFERROR(SUMIFS(Публикации!$N$2:$N$52,Публикации!$D$2:$D$52,A3)/C3,"") | G3: =SUMIFS(Публикации!$P$2:$P$52,Публикации!$D$2:$D$52,A3) -> 0 | H3: =SUMIFS(Публикации!$Q$2:$Q$52,Публикации!$D$2:$D$52,A3) -> 0
A4: ✨ Пластика | B4: =COUNTIF(Публикации!$D$2:$D$52,A4) -> 14 | C4: =SUMIFS(Публикации!$G$2:$G$52,Публикации!$D$2:$D$52,A4) -> 0 | D4: =IFERROR(AVERAGEIFS(Публикации!$R$2:$R$52,Публикации!$D$2:$D$52,A4,Публикации!$G$2:$G$52,">0"),"") | E4: =IFERROR(SUMIFS(Публикации!$M$2:$M$52,Публикации!$D$2:$D$52,A4)/C4,"") | F4: =IFERROR(SUMIFS(Публикации!$N$2:$N$52,Публикации!$D$2:$D$52,A4)/C4,"") | G4: =SUMIFS(Публикации!$P$2:$P$52,Публикации!$D$2:$D$52,A4) -> 0 | H4: =SUMIFS(Публикации!$Q$2:$Q$52,Публикации!$D$2:$D$52,A4) -> 0
A5: 🍑 Гериатрия | B5: =COUNTIF(Публикации!$D$2:$D$52,A5) -> 2 | C5: =SUMIFS(Публикации!$G$2:$G$52,Публикации!$D$2:$D$52,A5) -> 0 | D5: =IFERROR(AVERAGEIFS(Публикации!$R$2:$R$52,Публикации!$D$2:$D$52,A5,Публикации!$G$2:$G$52,">0"),"") | E5: =IFERROR(SUMIFS(Публикации!$M$2:$M$52,Публикации!$D$2:$D$52,A5)/C5,"") | F5: =IFERROR(SUMIFS(Публикации!$N$2:$N$52,Публикации!$D$2:$D$52,A5)/C5,"") | G5: =SUMIFS(Публикации!$P$2:$P$52,Публикации!$D$2:$D$52,A5) -> 0 | H5: =SUMIFS(Публикации!$Q$2:$Q$52,Публикации!$D$2:$D$52,A5) -> 0
A6: 👶 Неонатология | B6: =COUNTIF(Публикации!$D$2:$D$52,A6) -> 4 | C6: =SUMIFS(Публикации!$G$2:$G$52,Публикации!$D$2:$D$52,A6) -> 0 | D6: =IFERROR(AVERAGEIFS(Публикации!$R$2:$R$52,Публикации!$D$2:$D$52,A6,Публикации!$G$2:$G$52,">0"),"") | E6: =IFERROR(SUMIFS(Публикации!$M$2:$M$52,Публикации!$D$2:$D$52,A6)/C6,"") | F6: =IFERROR(SUMIFS(Публикации!$N$2:$N$52,Публикации!$D$2:$D$52,A6)/C6,"") | G6: =SUMIFS(Публикации!$P$2:$P$52,Публикации!$D$2:$D$52,A6) -> 0 | H6: =SUMIFS(Публикации!$Q$2:$Q$52,Публикации!$D$2:$D$52,A6) -> 0
A7: 📦 B2B | B7: =COUNTIF(Публикации!$D$2:$D$52,A7) -> 3 | C7: =SUMIFS(Публикации!$G$2:$G$52,Публикации!$D$2:$D$52,A7) -> 0 | D7: =IFERROR(AVERAGEIFS(Публикации!$R$2:$R$52,Публикации!$D$2:$D$52,A7,Публикации!$G$2:$G$52,">0"),"") | E7: =IFERROR(SUMIFS(Публикации!$M$2:$M$52,Публикации!$D$2:$D$52,A7)/C7,"") | F7: =IFERROR(SUMIFS(Публикации!$N$2:$N$52,Публикации!$D$2:$D$52,A7)/C7,"") | G7: =SUMIFS(Публикации!$P$2:$P$52,Публикации!$D$2:$D$52,A7) -> 0 | H7: =SUMIFS(Публикации!$Q$2:$Q$52,Публикации!$D$2:$D$52,A7) -> 0
A8: 📦 Продукт | B8: =COUNTIF(Публикации!$D$2:$D$52,A8) -> 7 | C8: =SUMIFS(Публикации!$G$2:$G$52,Публикации!$D$2:$D$52,A8) -> 0 | D8: =IFERROR(AVERAGEIFS(Публикации!$R$2:$R$52,Публикации!$D$2:$D$52,A8,Публикации!$G$2:$G$52,">0"),"") | E8: =IFERROR(SUMIFS(Публикации!$M$2:$M$52,Публикации!$D$2:$D$52,A8)/C8,"") | F8: =IFERROR(SUMIFS(Публикации!$N$2:$N$52,Публикации!$D$2:$D$52,A8)/C8,"") | G8: =SUMIFS(Публикации!$P$2:$P$52,Публикации!$D$2:$D$52,A8) -> 0 | H8: =SUMIFS(Публикации!$Q$2:$Q$52,Публикации!$D$2:$D$52,A8) -> 0
A9: 🤱 Акушерство | B9: =COUNTIF(Публикации!$D$2:$D$52,A9) -> 6 | C9: =SUMIFS(Публикации!$G$2:$G$52,Публикации!$D$2:$D$52,A9) -> 0 | D9: =IFERROR(AVERAGEIFS(Публикации!$R$2:$R$52,Публикации!$D$2:$D$52,A9,Публикации!$G$2:$G$52,">0"),"") | E9: =IFERROR(SUMIFS(Публикации!$M$2:$M$52,Публикации!$D$2:$D$52,A9)/C9,"") | F9: =IFERROR(SUMIFS(Публикации!$N$2:$N$52,Публикации!$D$2:$D$52,A9)/C9,"") | G9: =SUMIFS(Публикации!$P$2:$P$52,Публикации!$D$2:$D$52,A9) -> 0 | H9: =SUMIFS(Публикации!$Q$2:$Q$52,Публикации!$D$2:$D$52,A9) -> 0
A10: 🦋 Дерматология | B10: =COUNTIF(Публикации!$D$2:$D$52,A10) -> 5 | C10: =SUMIFS(Публикации!$G$2:$G$52,Публикации!$D$2:$D$52,A10) -> 0 | D10: =IFERROR(AVERAGEIFS(Публикации!$R$2:$R$52,Публикации!$D$2:$D$52,A10,Публикации!$G$2:$G$52,">0"),"") | E10: =IFERROR(SUMIFS(Публикации!$M$2:$M$52,Публикации!$D$2:$D$52,A10)/C10,"") | F10: =IFERROR(SUMIFS(Публикации!$N$2:$N$52,Публикации!$D$2:$D$52,A10)/C10,"") | G10: =SUMIFS(Публикации!$P$2:$P$52,Публикации!$D$2:$D$52,A10) -> 0 | H10: =SUMIFS(Публикации!$Q$2:$Q$52,Публикации!$D$2:$D$52,A10) -> 0
A11: 🩺 Хирургия | B11: =COUNTIF(Публикации!$D$2:$D$52,A11) -> 4 | C11: =SUMIFS(Публикации!$G$2:$G$52,Публикации!$D$2:$D$52,A11) -> 0 | D11: =IFERROR(AVERAGEIFS(Публикации!$R$2:$R$52,Публикации!$D$2:$D$52,A11,Публикации!$G$2:$G$52,">0"),"") | E11: =IFERROR(SUMIFS(Публикации!$M$2:$M$52,Публикации!$D$2:$D$52,A11)/C11,"") | F11: =IFERROR(SUMIFS(Публикации!$N$2:$N$52,Публикации!$D$2:$D$52,A11)/C11,"") | G11: =SUMIFS(Публикации!$P$2:$P$52,Публикации!$D$2:$D$52,A11) -> 0 | H11: =SUMIFS(Публикации!$Q$2:$Q$52,Публикации!$D$2:$D$52,A11) -> 0

Sheet A-B обложки
A1: Ролик | B1: Показы профиля A | C1: Переходы A | D1: Показы профиля B | E1: Переходы B | F1: Показы профиля C | G1: Переходы C | H1: CTR A | I1: CTR B | J1: CTR C | K1: Победитель
A2: m1_manifest | H2: =IF(B2>0,C2/B2,"") | I2: =IF(D2>0,E2/D2,"") | J2: =IF(F2>0,G2/F2,"") | K2: =IF(COUNT(H2:J2)<3,"идёт тест",INDEX({"A","B","C"},MATCH(MAX(H2:J2),H2:J2,0))) -> идёт тест
A3: m2_pismo | H3: =IF(B3>0,C3/B3,"") | I3: =IF(D3>0,E3/D3,"") | J3: =IF(F3>0,G3/F3,"") | K3: =IF(COUNT(H3:J3)<3,"идёт тест",INDEX({"A","B","C"},MATCH(MAX(H3:J3),H3:J3,0))) -> идёт тест
A4: m3_bumaga | H4: =IF(B4>0,C4/B4,"") | I4: =IF(D4>0,E4/D4,"") | J4: =IF(F4>0,G4/F4,"") | K4: =IF(COUNT(H4:J4)<3,"идёт тест",INDEX({"A","B","C"},MATCH(MAX(H4:J4),H4:J4,0))) -> идёт тест
A5: m4_persik | H5: =IF(B5>0,C5/B5,"") | I5: =IF(D5>0,E5/D5,"") | J5: =IF(F5>0,G5/F5,"") | K5: =IF(COUNT(H5:J5)<3,"идёт тест",INDEX({"A","B","C"},MATCH(MAX(H5:J5),H5:J5,0))) -> идёт тест
A6: m5_lepestok | H6: =IF(B6>0,C6/B6,"") | I6: =IF(D6>0,E6/D6,"") | J6: =IF(F6>0,G6/F6,"") | K6: =IF(COUNT(H6:J6)<3,"идёт тест",INDEX({"A","B","C"},MATCH(MAX(H6:J6),H6:J6,0))) -> идёт тест
A7: e1_kesarevo | H7: =IF(B7>0,C7/B7,"") | I7: =IF(D7>0,E7/D7,"") | J7: =IF(F7>0,G7/F7,"") | K7: =IF(COUNT(H7:J7)<3,"идёт тест",INDEX({"A","B","C"},MATCH(MAX(H7:J7),H7:J7,0))) -> идёт тест
A8: e2_oritn | H8: =IF(B8>0,C8/B8,"") | I8: =IF(D8>0,E8/D8,"") | J8: =IF(F8>0,G8/F8,"") | K8: =IF(COUNT(H8:J8)<3,"идёт тест",INDEX({"A","B","C"},MATCH(MAX(H8:J8),H8:J8,0))) -> идёт тест
A9: e3_shram | H9: =IF(B9>0,C9/B9,"") | I9: =IF(D9>0,E9/D9,"") | J9: =IF(F9>0,G9/F9,"") | K9: =IF(COUNT(H9:J9)<3,"идёт тест",INDEX({"A","B","C"},MATCH(MAX(H9:J9),H9:J9,0))) -> идёт тест
A10: e4_babochki | H10: =IF(B10>0,C10/B10,"") | I10: =IF(D10>0,E10/D10,"") | J10: =IF(F10>0,G10/F10,"") | K10: =IF(COUNT(H10:J10)<3,"идёт тест",INDEX({"A","B","C"},MATCH(MAX(H10:J10),H10:J10,0))) -> идёт тест
A11: e5_medsestra | H11: =IF(B11>0,C11/B11,"") | I11: =IF(D11>0,E11/D11,"") | J11: =IF(F11>0,G11/F11,"") | K11: =IF(COUNT(H11:J11)<3,"идёт тест",INDEX({"A","B","C"},MATCH(MAX(H11:J11),H11:J11,0))) -> идёт тест
A13: Итог по типам:
A14: A — вопрос | B14: =COUNTIF(K2:K11,"A") -> 0
A15: B — факт | B15: =COUNTIF(K2:K11,"B") -> 0
A16: C — эмоция | B16: =COUNTIF(K2:K11,"C") -> 0
A18: Тип-победитель → на обложки следующих роликов (см. v10_ab_covers/README.md).

Sheet Реклама
A1: Кампания | B1: Ролик | C1: Цель | D1: Расход | E1: Показы | F1: Охват | G1: Результаты | H1: Цена результата | I1: CPM | J1: Частота
A2: A. Охват — «Персик» | B2: m4 | C2: ThruPlay | H2: =IF(G2>0,D2/G2,"") | I2: =IF(E2>0,D2/E2*1000,"") | J2: =IF(F2>0,E2/F2,"")
A3: B. Знакомство — «Манифест» | B3: m1 | C3: подписки | H3: =IF(G3>0,D3/G3,"") | I3: =IF(E3>0,D3/E3*1000,"") | J3: =IF(F3>0,E3/F3,"")
A4: C. Медсёстры — «Хирургия» | B4: k5 | C4: сообщения | H4: =IF(G4>0,D4/G4,"") | I4: =IF(E4>0,D4/E4*1000,"") | J4: =IF(F4>0,E4/F4,"")
A5: D. Клиники — «Линейка» | B5: e6 | C5: квалиф. заявки | H5: =IF(G5>0,D5/G5,"") | I5: =IF(E5>0,D5/E5*1000,"") | J5: =IF(F5>0,E5/F5,"")
A6: Итого | D6: =SUM(D2:D5) -> 0 | E6: =SUM(E2:E5) -> 0 | G6: =SUM(G2:G5) -> 0
A8: Расход — в валюте рекламного кабинета. Частота > 3 или падение CTR на 30% → менять креатив (ADS.md).

Sheet Заявки
A1: Дата | B1: Instagram | C1: Код | D1: Из публикации | E1: Тип | F1: Отделение | G1: Регион | H1: Контакт | I1: Статус | J1: Следующий шаг | K1: Ответственный | M1: Воронка | N1: КАТАЛОГ | O1: ЛУПА
A2: 46328 | B2: @example | C2: КАТАЛОГ | D2: g1_katalog_za_30_sekund | E2: клиника | F2: ОРИТН | G2: [город] | H2: [телефон] | I2: квалифицирована | J2: звонок 04.11 | K2: [менеджер] | M2: все заявки | N2: =COUNTIF($C$2:$C$500,"КАТАЛОГ") -> 1 | O2: =COUNTIF($C$2:$C$500,"ЛУПА") -> 0
M3: квалифицирована | N3: =COUNTIFS($C$2:$C$500,"КАТАЛОГ",$I$2:$I$500,"квалифицирована") -> 1 | O3: =COUNTIFS($C$2:$C$500,"ЛУПА",$I$2:$I$500,"квалифицирована") -> 0
M4: образцы | N4: =COUNTIFS($C$2:$C$500,"КАТАЛОГ",$I$2:$I$500,"образцы") -> 0 | O4: =COUNTIFS($C$2:$C$500,"ЛУПА",$I$2:$I$500,"образцы") -> 0
M5: заказ | N5: =COUNTIFS($C$2:$C$500,"КАТАЛОГ",$I$2:$I$500,"заказ") -> 0 | O5: =COUNTIFS($C$2:$C$500,"ЛУПА",$I$2:$I$500,"заказ") -> 0
M7: Каждая заявка считается только в своём текущем статусе (не накопительно).
